timestamp,symbol,price,volume,bid,ask,bid_volume,ask_volume,trade_type
2024-01-01 09:30:00,AAPL,149.99,535,149.97,150.02,378,399,trade
2024-01-01 09:30:01,AAPL,149.99,409,149.96,150.01,428,456,trade
2024-01-01 09:30:02,AAPL,149.98,379,149.97,149.99,216,435,trade
2024-01-01 09:30:03,AAPL,149.99,936,149.97,150.01,440,448,trade
2024-01-01 09:30:04,AAPL,149.98,395,149.96,150.0,112,410,trade
2024-01-01 09:30:05,AAPL,149.98,590,149.96,150.0,464,122,trade
2024-01-01 09:30:06,AAPL,149.98,509,149.97,149.99,361,211,trade
2024-01-01 09:30:07,AAPL,149.99,779,149.97,150.01,229,238,trade
2024-01-01 09:30:08,AAPL,149.99,360,149.97,150.0,146,413,trade
2024-01-01 09:30:09,AAPL,149.97,219,149.95,149.99,227,409,trade
2024-01-01 09:30:10,AAPL,149.97,296,149.95,149.99,352,161,trade
2024-01-01 09:30:11,AAPL,149.97,559,149.96,149.98,462,419,trade
2024-01-01 09:30:12,AAPL,149.98,865,149.96,150.0,301,107,trade
2024-01-01 09:30:13,AAPL,150.0,537,149.98,150.02,322,418,trade
2024-01-01 09:30:14,AAPL,150.0,777,149.97,150.02,249,378,trade
2024-01-01 09:30:15,AAPL,149.99,716,149.98,150.0,470,363,trade
2024-01-01 09:30:16,AAPL,149.98,770,149.97,149.99,149,167,trade
2024-01-01 09:30:17,AAPL,149.99,100,149.98,150.0,179,449,trade
2024-01-01 09:30:18,AAPL,149.99,136,149.98,150.0,378,388,trade
2024-01-01 09:30:19,AAPL,149.99,502,149.97,150.01,384,159,trade
2024-01-01 09:30:20,AAPL,149.99,441,149.97,150.01,432,110,trade
2024-01-01 09:30:21,AAPL,149.97,703,149.95,149.99,197,357,trade
2024-01-01 09:30:22,AAPL,149.99,606,149.98,149.99,426,355,trade
2024-01-01 09:30:23,AAPL,150.0,147,149.99,150.0,178,227,trade
2024-01-01 09:30:24,AAPL,150.0,775,149.99,150.02,331,267,trade
2024-01-01 09:30:25,AAPL,150.0,745,149.98,150.02,466,100,trade
2024-01-01 09:30:26,AAPL,150.0,606,150.0,150.01,173,462,trade
2024-01-01 09:30:27,AAPL,150.02,317,150.0,150.04,496,248,trade
2024-01-01 09:30:28,AAPL,150.02,619,150.0,150.04,294,194,trade
2024-01-01 09:30:29,AAPL,150.03,392,150.02,150.04,424,211,trade
2024-01-01 09:30:30,AAPL,150.02,273,150.0,150.04,481,479,trade
2024-01-01 09:30:31,AAPL,150.01,917,150.0,150.03,118,201,trade
2024-01-01 09:30:32,AAPL,150.01,142,150.0,150.03,218,474,trade
2024-01-01 09:30:33,AAPL,150.01,579,149.99,150.03,266,296,trade
2024-01-01 09:30:34,AAPL,150.0,237,150.0,150.01,421,357,trade
2024-01-01 09:30:35,AAPL,149.98,543,149.96,150.01,286,217,trade
2024-01-01 09:30:36,AAPL,149.98,945,149.96,150.0,455,392,trade
2024-01-01 09:30:37,AAPL,149.99,891,149.97,150.02,497,220,trade
2024-01-01 09:30:38,AAPL,149.99,959,149.97,150.01,458,364,trade
2024-01-01 09:30:39,AAPL,149.97,597,149.96,149.98,161,403,trade
2024-01-01 09:30:40,AAPL,149.97,158,149.95,149.99,440,114,trade
2024-01-01 09:30:41,AAPL,149.98,857,149.96,150.01,206,170,trade
2024-01-01 09:30:42,AAPL,149.97,564,149.95,149.99,292,180,trade
2024-01-01 09:30:43,AAPL,149.96,193,149.95,149.97,182,138,trade
2024-01-01 09:30:44,AAPL,149.97,212,149.95,149.99,109,247,trade
2024-01-01 09:30:45,AAPL,149.96,421,149.94,149.98,356,279,trade
2024-01-01 09:30:46,AAPL,149.98,245,149.97,149.99,148,323,trade
2024-01-01 09:30:47,AAPL,150.0,358,149.99,150.02,204,375,trade
2024-01-01 09:30:48,AAPL,149.99,231,149.98,150.01,245,205,trade
2024-01-01 09:30:49,AAPL,149.99,886,149.98,150.0,141,115,trade
2024-01-01 09:30:50,AAPL,150.0,161,149.97,150.02,464,208,trade
2024-01-01 09:30:51,AAPL,149.99,939,149.97,150.01,239,219,trade
2024-01-01 09:30:52,AAPL,150.0,788,149.98,150.03,223,149,trade
2024-01-01 09:30:53,AAPL,150.0,339,149.98,150.02,179,437,trade
2024-01-01 09:30:54,AAPL,149.99,828,149.97,150.01,165,268,trade
2024-01-01 09:30:55,AAPL,149.98,247,149.96,149.99,337,109,trade
2024-01-01 09:30:56,AAPL,149.97,778,149.96,149.98,343,452,trade
2024-01-01 09:30:57,AAPL,149.98,673,149.97,149.99,157,360,trade
2024-01-01 09:30:58,AAPL,149.96,668,149.95,149.97,129,351,trade
2024-01-01 09:30:59,AAPL,149.95,778,149.94,149.96,391,221,trade
2024-01-01 09:31:00,AAPL,149.97,341,149.95,149.99,405,172,trade
2024-01-01 09:31:01,AAPL,149.95,930,149.94,149.95,276,172,trade
2024-01-01 09:31:02,AAPL,149.97,116,149.94,149.99,177,141,trade
2024-01-01 09:31:03,AAPL,149.97,848,149.95,149.99,136,281,trade
2024-01-01 09:31:04,AAPL,149.97,183,149.95,149.98,434,459,trade
2024-01-01 09:31:05,AAPL,149.97,642,149.96,149.97,434,368,trade
2024-01-01 09:31:06,AAPL,149.96,273,149.96,149.97,436,396,trade
2024-01-01 09:31:07,AAPL,149.97,685,149.96,149.98,414,396,trade
2024-01-01 09:31:08,AAPL,149.98,251,149.96,150.0,441,345,trade
2024-01-01 09:31:09,AAPL,149.96,119,149.96,149.97,283,230,trade
2024-01-01 09:31:10,AAPL,149.96,971,149.95,149.96,309,192,trade
2024-01-01 09:31:11,AAPL,149.96,966,149.95,149.97,291,228,trade
2024-01-01 09:31:12,AAPL,149.96,561,149.95,149.97,395,221,trade
2024-01-01 09:31:13,AAPL,149.95,469,149.95,149.96,456,244,trade
2024-01-01 09:31:14,AAPL,149.97,685,149.95,149.98,296,488,trade
2024-01-01 09:31:15,AAPL,149.97,548,149.96,149.98,446,233,trade
2024-01-01 09:31:16,AAPL,149.98,514,149.96,149.99,266,138,trade
2024-01-01 09:31:17,AAPL,149.99,791,149.98,150.0,196,256,trade
2024-01-01 09:31:18,AAPL,149.99,835,149.98,150.0,396,460,trade
2024-01-01 09:31:19,AAPL,149.99,350,149.96,150.01,190,455,trade
2024-01-01 09:31:20,AAPL,150.0,958,149.97,150.02,423,254,trade
2024-01-01 09:31:21,AAPL,150.0,511,149.99,150.01,215,118,trade
2024-01-01 09:31:22,AAPL,149.99,992,149.99,150.0,240,330,trade
2024-01-01 09:31:23,AAPL,150.01,270,150.0,150.03,322,183,trade
2024-01-01 09:31:24,AAPL,150.01,446,150.0,150.03,147,445,trade
2024-01-01 09:31:25,AAPL,150.02,635,150.0,150.04,367,442,trade
2024-01-01 09:31:26,AAPL,150.03,344,150.02,150.04,442,260,trade
2024-01-01 09:31:27,AAPL,150.04,511,150.02,150.05,142,383,trade
2024-01-01 09:31:28,AAPL,150.05,513,150.03,150.07,419,285,trade
2024-01-01 09:31:29,AAPL,150.03,202,150.01,150.05,145,110,trade
2024-01-01 09:31:30,AAPL,150.02,451,150.02,150.03,451,143,trade
2024-01-01 09:31:31,AAPL,150.02,546,150.01,150.03,101,432,trade
2024-01-01 09:31:32,AAPL,150.01,580,150.0,150.02,354,473,trade
2024-01-01 09:31:33,AAPL,150.01,507,149.99,150.02,113,273,trade
2024-01-01 09:31:34,AAPL,150.01,660,150.0,150.02,355,202,trade
2024-01-01 09:31:35,AAPL,150.01,819,150.0,150.01,461,453,trade
2024-01-01 09:31:36,AAPL,150.0,161,149.98,150.02,318,333,trade
2024-01-01 09:31:37,AAPL,149.98,895,149.97,149.98,463,329,trade
2024-01-01 09:31:38,AAPL,149.97,584,149.95,149.99,448,198,trade
2024-01-01 09:31:39,AAPL,149.98,296,149.96,149.99,404,374,trade
2024-01-01 09:31:40,AAPL,149.99,632,149.98,150.0,385,118,trade
2024-01-01 09:31:41,AAPL,149.98,422,149.95,150.0,359,430,trade
2024-01-01 09:31:42,AAPL,149.98,905,149.96,150.0,305,297,trade
2024-01-01 09:31:43,AAPL,149.99,136,149.97,150.0,221,256,trade
2024-01-01 09:31:44,AAPL,149.99,658,149.97,150.01,487,182,trade
2024-01-01 09:31:45,AAPL,150.0,933,150.0,150.01,396,108,trade
2024-01-01 09:31:46,AAPL,150.0,914,149.99,150.0,358,340,trade
2024-01-01 09:31:47,AAPL,149.99,267,149.98,149.99,284,336,trade
2024-01-01 09:31:48,AAPL,149.99,809,149.99,150.0,176,413,trade
2024-01-01 09:31:49,AAPL,149.99,554,149.97,150.02,194,170,trade
2024-01-01 09:31:50,AAPL,150.0,530,149.99,150.01,218,428,trade
2024-01-01 09:31:51,AAPL,150.01,571,150.0,150.02,267,196,trade
2024-01-01 09:31:52,AAPL,149.99,749,149.99,150.0,432,479,trade
2024-01-01 09:31:53,AAPL,149.99,323,149.97,150.01,393,237,trade
2024-01-01 09:31:54,AAPL,149.99,946,149.98,150.0,412,162,trade
2024-01-01 09:31:55,AAPL,149.99,229,149.98,150.0,413,491,trade
2024-01-01 09:31:56,AAPL,149.98,635,149.97,149.99,105,410,trade
2024-01-01 09:31:57,AAPL,149.97,158,149.95,149.99,135,207,trade
2024-01-01 09:31:58,AAPL,149.98,398,149.97,149.99,253,345,trade
2024-01-01 09:31:59,AAPL,149.98,384,149.97,149.99,132,461,trade
2024-01-01 09:32:00,AAPL,149.98,613,149.97,149.99,154,289,trade
2024-01-01 09:32:01,AAPL,149.97,135,149.96,149.99,351,384,trade
2024-01-01 09:32:02,AAPL,149.97,763,149.96,149.98,291,310,trade
2024-01-01 09:32:03,AAPL,149.96,973,149.95,149.98,325,223,trade
2024-01-01 09:32:04,AAPL,149.96,817,149.96,149.97,387,424,trade
2024-01-01 09:32:05,AAPL,149.98,233,149.95,150.0,485,374,trade
2024-01-01 09:32:06,AAPL,149.98,954,149.96,150.0,449,404,trade
2024-01-01 09:32:07,AAPL,149.99,300,149.97,150.01,386,333,trade
2024-01-01 09:32:08,AAPL,149.99,403,149.98,150.0,123,339,trade
2024-01-01 09:32:09,AAPL,149.99,348,149.97,150.01,491,317,trade
2024-01-01 09:32:10,AAPL,149.99,744,149.98,150.0,163,149,trade
2024-01-01 09:32:11,AAPL,150.0,995,149.98,150.01,104,235,trade
2024-01-01 09:32:12,AAPL,149.99,735,149.97,150.01,245,305,trade
2024-01-01 09:32:13,AAPL,150.0,810,149.99,150.0,447,384,trade
2024-01-01 09:32:14,AAPL,149.99,735,149.98,150.0,469,428,trade
2024-01-01 09:32:15,AAPL,149.98,430,149.98,149.99,460,156,trade
2024-01-01 09:32:16,AAPL,149.98,874,149.97,150.0,129,245,trade
2024-01-01 09:32:17,AAPL,149.98,492,149.97,149.99,358,357,trade
2024-01-01 09:32:18,AAPL,149.99,155,149.97,150.0,347,259,trade
2024-01-01 09:32:19,AAPL,150.0,190,149.98,150.02,300,433,trade
2024-01-01 09:32:20,AAPL,150.0,551,149.98,150.02,473,155,trade
2024-01-01 09:32:21,AAPL,149.99,264,149.97,150.01,456,384,trade
2024-01-01 09:32:22,AAPL,150.0,165,149.98,150.02,187,423,trade
2024-01-01 09:32:23,AAPL,150.01,488,149.98,150.03,328,162,trade
2024-01-01 09:32:24,AAPL,150.01,416,149.99,150.03,362,357,trade
2024-01-01 09:32:25,AAPL,150.01,952,150.0,150.03,120,493,trade
2024-01-01 09:32:26,AAPL,150.03,883,150.03,150.04,142,456,trade
2024-01-01 09:32:27,AAPL,150.02,250,150.01,150.03,464,472,trade
2024-01-01 09:32:28,AAPL,150.04,540,150.03,150.05,273,241,trade
2024-01-01 09:32:29,AAPL,150.03,639,150.01,150.05,161,158,trade
2024-01-01 09:32:30,AAPL,150.03,997,150.02,150.04,447,165,trade
2024-01-01 09:32:31,AAPL,150.04,442,150.02,150.07,429,305,trade
2024-01-01 09:32:32,AAPL,150.04,592,150.03,150.05,154,286,trade
2024-01-01 09:32:33,AAPL,150.04,995,150.02,150.06,177,131,trade
2024-01-01 09:32:34,AAPL,150.03,805,150.02,150.05,475,327,trade
2024-01-01 09:32:35,AAPL,150.03,219,150.01,150.05,394,350,trade
2024-01-01 09:32:36,AAPL,150.02,857,150.0,150.05,166,405,trade
2024-01-01 09:32:37,AAPL,150.02,232,150.02,150.03,270,347,trade
2024-01-01 09:32:38,AAPL,150.03,203,150.02,150.04,266,267,trade
2024-01-01 09:32:39,AAPL,150.01,771,150.01,150.02,162,450,trade
2024-01-01 09:32:40,AAPL,150.02,476,150.0,150.05,313,209,trade
2024-01-01 09:32:41,AAPL,150.02,578,150.01,150.04,190,484,trade
2024-01-01 09:32:42,AAPL,150.04,536,150.03,150.04,330,334,trade
2024-01-01 09:32:43,AAPL,150.03,275,150.03,150.04,210,406,trade
2024-01-01 09:32:44,AAPL,150.04,461,150.02,150.06,482,355,trade
2024-01-01 09:32:45,AAPL,150.03,256,150.02,150.04,272,236,trade
2024-01-01 09:32:46,AAPL,150.05,932,150.04,150.06,494,337,trade
2024-01-01 09:32:47,AAPL,150.04,708,150.03,150.05,328,453,trade
2024-01-01 09:32:48,AAPL,150.02,807,150.01,150.04,374,112,trade
2024-01-01 09:32:49,AAPL,150.01,184,150.0,150.03,159,281,trade
2024-01-01 09:32:50,AAPL,150.01,718,150.0,150.01,486,297,trade
2024-01-01 09:32:51,AAPL,150.01,952,150.0,150.02,105,102,trade
2024-01-01 09:32:52,AAPL,150.01,397,149.98,150.03,212,143,trade
2024-01-01 09:32:53,AAPL,150.01,947,149.99,150.03,278,351,trade
2024-01-01 09:32:54,AAPL,150.01,784,150.0,150.02,272,306,trade
2024-01-01 09:32:55,AAPL,150.01,945,150.0,150.01,393,260,trade
2024-01-01 09:32:56,AAPL,150.02,162,150.0,150.04,489,329,trade
2024-01-01 09:32:57,AAPL,149.99,923,149.98,150.01,464,355,trade
2024-01-01 09:32:58,AAPL,150.0,938,149.99,150.02,460,285,trade
2024-01-01 09:32:59,AAPL,149.99,572,149.97,150.0,307,185,trade
2024-01-01 09:33:00,AAPL,149.99,628,149.97,150.02,121,107,trade
2024-01-01 09:33:01,AAPL,149.99,685,149.99,150.0,194,359,trade
2024-01-01 09:33:02,AAPL,149.98,600,149.97,149.99,428,354,trade
2024-01-01 09:33:03,AAPL,150.0,487,149.98,150.02,104,463,trade
2024-01-01 09:33:04,AAPL,150.0,976,149.99,150.01,247,158,trade
2024-01-01 09:33:05,AAPL,149.99,451,149.98,150.0,260,101,trade
2024-01-01 09:33:06,AAPL,149.99,337,149.97,150.01,206,295,trade
2024-01-01 09:33:07,AAPL,149.99,731,149.97,150.01,408,108,trade
2024-01-01 09:33:08,AAPL,149.99,150,149.98,150.01,206,389,trade
2024-01-01 09:33:09,AAPL,149.97,982,149.96,149.98,402,132,trade
2024-01-01 09:33:10,AAPL,149.94,467,149.92,149.95,196,112,trade
2024-01-01 09:33:11,AAPL,149.94,685,149.93,149.95,498,113,trade
2024-01-01 09:33:12,AAPL,149.94,771,149.93,149.95,387,449,trade
2024-01-01 09:33:13,AAPL,149.95,866,149.94,149.97,221,113,trade
2024-01-01 09:33:14,AAPL,149.96,748,149.94,149.98,458,320,trade
2024-01-01 09:33:15,AAPL,149.97,448,149.95,149.99,390,424,trade
2024-01-01 09:33:16,AAPL,149.96,277,149.94,149.98,208,314,trade
2024-01-01 09:33:17,AAPL,149.96,158,149.94,149.98,438,278,trade
2024-01-01 09:33:18,AAPL,149.96,518,149.95,149.97,163,261,trade
2024-01-01 09:33:19,AAPL,149.96,713,149.94,149.98,218,427,trade
2024-01-01 09:33:20,AAPL,149.96,125,149.94,149.99,264,251,trade
2024-01-01 09:33:21,AAPL,149.96,421,149.94,149.99,336,178,trade
2024-01-01 09:33:22,AAPL,149.96,588,149.94,149.98,319,248,trade
2024-01-01 09:33:23,AAPL,149.98,817,149.97,149.99,191,303,trade
2024-01-01 09:33:24,AAPL,149.99,323,149.97,150.01,131,418,trade
2024-01-01 09:33:25,AAPL,149.98,368,149.96,149.99,396,490,trade
2024-01-01 09:33:26,AAPL,149.95,689,149.94,149.96,435,465,trade
2024-01-01 09:33:27,AAPL,149.94,892,149.93,149.96,396,367,trade
2024-01-01 09:33:28,AAPL,149.96,117,149.95,149.97,210,362,trade
2024-01-01 09:33:29,AAPL,149.95,699,149.94,149.95,337,124,trade
2024-01-01 09:33:30,AAPL,149.95,376,149.93,149.96,410,352,trade
2024-01-01 09:33:31,AAPL,149.95,399,149.92,149.97,230,480,trade
2024-01-01 09:33:32,AAPL,149.97,208,149.96,149.99,447,301,trade
2024-01-01 09:33:33,AAPL,149.97,283,149.96,149.97,275,475,trade
2024-01-01 09:33:34,AAPL,149.98,761,149.97,149.99,499,225,trade
2024-01-01 09:33:35,AAPL,149.98,348,149.97,149.99,114,143,trade
2024-01-01 09:33:36,AAPL,149.99,887,149.98,150.0,437,399,trade
2024-01-01 09:33:37,AAPL,149.99,691,149.98,150.0,203,120,trade
2024-01-01 09:33:38,AAPL,149.99,737,149.98,150.01,295,456,trade
2024-01-01 09:33:39,AAPL,150.0,126,149.99,150.0,209,284,trade
2024-01-01 09:33:40,AAPL,150.01,848,149.99,150.03,108,344,trade
2024-01-01 09:33:41,AAPL,150.0,666,150.0,150.01,340,240,trade
2024-01-01 09:33:42,AAPL,150.01,326,149.99,150.03,339,487,trade
2024-01-01 09:33:43,AAPL,150.02,418,150.0,150.04,308,173,trade
2024-01-01 09:33:44,AAPL,150.01,601,149.99,150.04,226,245,trade
2024-01-01 09:33:45,AAPL,150.03,446,150.02,150.05,173,307,trade
2024-01-01 09:33:46,AAPL,150.03,616,150.02,150.03,194,480,trade
2024-01-01 09:33:47,AAPL,150.05,753,150.03,150.07,494,353,trade
2024-01-01 09:33:48,AAPL,150.06,728,150.05,150.07,445,375,trade
2024-01-01 09:33:49,AAPL,150.04,114,150.03,150.05,161,122,trade
2024-01-01 09:33:50,AAPL,150.03,680,150.01,150.04,273,364,trade
2024-01-01 09:33:51,AAPL,150.04,576,150.02,150.05,446,460,trade
2024-01-01 09:33:52,AAPL,150.03,832,150.03,150.04,108,159,trade
2024-01-01 09:33:53,AAPL,150.02,601,150.01,150.03,365,204,trade
2024-01-01 09:33:54,AAPL,150.01,733,150.0,150.02,349,266,trade
2024-01-01 09:33:55,AAPL,150.0,789,149.99,150.0,147,437,trade
2024-01-01 09:33:56,AAPL,150.0,348,149.98,150.02,193,210,trade
2024-01-01 09:33:57,AAPL,150.0,392,149.98,150.01,326,379,trade
2024-01-01 09:33:58,AAPL,149.99,360,149.97,150.0,412,442,trade
2024-01-01 09:33:59,AAPL,149.99,409,149.99,150.0,145,243,trade
2024-01-01 09:34:00,AAPL,149.99,829,149.98,150.0,233,348,trade
2024-01-01 09:34:01,AAPL,149.99,482,149.97,150.02,487,247,trade
2024-01-01 09:34:02,AAPL,150.0,771,149.98,150.01,405,286,trade
2024-01-01 09:34:03,AAPL,150.0,740,149.98,150.02,256,399,trade
2024-01-01 09:34:04,AAPL,150.0,260,149.98,150.01,463,272,trade
2024-01-01 09:34:05,AAPL,150.01,874,149.99,150.03,371,118,trade
2024-01-01 09:34:06,AAPL,150.0,889,149.98,150.02,408,258,trade
2024-01-01 09:34:07,AAPL,150.01,775,150.0,150.01,197,283,trade
2024-01-01 09:34:08,AAPL,150.02,197,150.01,150.03,214,487,trade
2024-01-01 09:34:09,AAPL,150.03,586,150.01,150.05,163,105,trade
2024-01-01 09:34:10,AAPL,150.02,400,150.0,150.03,470,389,trade
2024-01-01 09:34:11,AAPL,150.02,892,150.0,150.04,427,112,trade
2024-01-01 09:34:12,AAPL,150.04,190,150.02,150.06,365,272,trade
2024-01-01 09:34:13,AAPL,150.05,714,150.04,150.05,492,370,trade
2024-01-01 09:34:14,AAPL,150.05,214,150.03,150.07,231,156,trade
2024-01-01 09:34:15,AAPL,150.04,473,150.03,150.05,427,450,trade
2024-01-01 09:34:16,AAPL,150.05,507,150.04,150.07,184,152,trade
2024-01-01 09:34:17,AAPL,150.04,592,150.03,150.05,133,320,trade
2024-01-01 09:34:18,AAPL,150.04,810,150.03,150.06,277,124,trade
2024-01-01 09:34:19,AAPL,150.05,905,150.03,150.08,408,129,trade
2024-01-01 09:34:20,AAPL,150.05,697,150.03,150.07,205,329,trade
2024-01-01 09:34:21,AAPL,150.03,821,150.01,150.05,122,140,trade
2024-01-01 09:34:22,AAPL,150.03,943,150.02,150.04,258,271,trade
2024-01-01 09:34:23,AAPL,150.04,287,150.03,150.05,186,214,trade
2024-01-01 09:34:24,AAPL,150.03,819,150.01,150.04,335,469,trade
2024-01-01 09:34:25,AAPL,150.03,286,150.02,150.05,419,261,trade
2024-01-01 09:34:26,AAPL,150.03,410,150.02,150.04,193,302,trade
2024-01-01 09:34:27,AAPL,150.03,368,150.02,150.04,225,208,trade
2024-01-01 09:34:28,AAPL,150.02,795,150.0,150.04,194,330,trade
2024-01-01 09:34:29,AAPL,150.02,668,150.0,150.04,190,249,trade
2024-01-01 09:34:30,AAPL,150.02,813,150.01,150.04,299,390,trade
2024-01-01 09:34:31,AAPL,150.01,146,150.0,150.02,406,462,trade
2024-01-01 09:34:32,AAPL,150.02,207,150.0,150.03,165,146,trade
2024-01-01 09:34:33,AAPL,150.02,430,150.0,150.04,387,257,trade
2024-01-01 09:34:34,AAPL,150.03,553,150.02,150.03,471,339,trade
2024-01-01 09:34:35,AAPL,150.02,684,150.0,150.05,198,413,trade
2024-01-01 09:34:36,AAPL,150.01,847,150.0,150.03,220,375,trade
2024-01-01 09:34:37,AAPL,150.03,147,150.02,150.04,177,331,trade
2024-01-01 09:34:38,AAPL,150.03,374,150.01,150.05,272,221,trade
2024-01-01 09:34:39,AAPL,150.05,828,150.03,150.07,368,158,trade
2024-01-01 09:34:40,AAPL,150.03,932,150.02,150.04,386,392,trade
2024-01-01 09:34:41,AAPL,150.04,719,150.02,150.05,265,286,trade
2024-01-01 09:34:42,AAPL,150.03,221,150.01,150.05,439,435,trade
2024-01-01 09:34:43,AAPL,150.03,131,150.01,150.05,159,475,trade
2024-01-01 09:34:44,AAPL,150.03,935,150.0,150.05,189,117,trade
2024-01-01 09:34:45,AAPL,150.03,850,150.02,150.04,298,133,trade
2024-01-01 09:34:46,AAPL,150.04,708,150.02,150.06,345,264,trade
2024-01-01 09:34:47,AAPL,150.04,531,150.02,150.06,424,287,trade
2024-01-01 09:34:48,AAPL,150.04,146,150.03,150.05,206,481,trade
2024-01-01 09:34:49,AAPL,150.04,920,150.01,150.06,185,387,trade
2024-01-01 09:34:50,AAPL,150.05,407,150.03,150.06,464,228,trade
2024-01-01 09:34:51,AAPL,150.05,944,150.04,150.07,479,223,trade
2024-01-01 09:34:52,AAPL,150.05,895,150.03,150.06,298,431,trade
2024-01-01 09:34:53,AAPL,150.06,366,150.04,150.07,317,302,trade
2024-01-01 09:34:54,AAPL,150.05,190,150.04,150.07,353,316,trade
2024-01-01 09:34:55,AAPL,150.06,522,150.04,150.08,206,230,trade
2024-01-01 09:34:56,AAPL,150.06,434,150.04,150.08,284,119,trade
2024-01-01 09:34:57,AAPL,150.05,691,150.03,150.06,216,112,trade
2024-01-01 09:34:58,AAPL,150.06,440,150.05,150.07,268,487,trade
2024-01-01 09:34:59,AAPL,150.07,740,150.05,150.09,409,426,trade
2024-01-01 09:35:00,AAPL,150.09,125,150.08,150.09,413,131,trade
2024-01-01 09:35:01,AAPL,150.09,908,150.07,150.11,103,136,trade
2024-01-01 09:35:02,AAPL,150.06,870,150.04,150.07,353,142,trade
2024-01-01 09:35:03,AAPL,150.06,473,150.04,150.08,434,333,trade
2024-01-01 09:35:04,AAPL,150.07,924,150.06,150.08,464,318,trade
2024-01-01 09:35:05,AAPL,150.07,827,150.05,150.09,291,168,trade
2024-01-01 09:35:06,AAPL,150.06,456,150.03,150.08,159,377,trade
2024-01-01 09:35:07,AAPL,150.04,755,150.03,150.05,197,385,trade
2024-01-01 09:35:08,AAPL,150.06,482,150.04,150.07,279,359,trade
2024-01-01 09:35:09,AAPL,150.07,652,150.05,150.08,354,450,trade
2024-01-01 09:35:10,AAPL,150.06,890,150.05,150.07,161,170,trade
2024-01-01 09:35:11,AAPL,150.06,284,150.06,150.07,401,315,trade
2024-01-01 09:35:12,AAPL,150.06,997,150.05,150.06,408,296,trade
2024-01-01 09:35:13,AAPL,150.05,817,150.03,150.07,146,246,trade
2024-01-01 09:35:14,AAPL,150.05,326,150.02,150.07,180,406,trade
2024-01-01 09:35:15,AAPL,150.04,404,150.03,150.05,349,282,trade
2024-01-01 09:35:16,AAPL,150.05,596,150.02,150.07,479,213,trade
2024-01-01 09:35:17,AAPL,150.04,190,150.02,150.06,361,170,trade
2024-01-01 09:35:18,AAPL,150.03,780,150.01,150.05,269,223,trade
2024-01-01 09:35:19,AAPL,150.03,703,150.01,150.05,448,235,trade
2024-01-01 09:35:20,AAPL,150.03,911,150.0,150.05,352,484,trade
2024-01-01 09:35:21,AAPL,150.03,329,150.01,150.05,443,310,trade
2024-01-01 09:35:22,AAPL,150.03,755,150.01,150.05,371,284,trade
2024-01-01 09:35:23,AAPL,150.01,735,150.0,150.03,396,372,trade
2024-01-01 09:35:24,AAPL,150.03,506,150.02,150.03,297,338,trade
2024-01-01 09:35:25,AAPL,150.02,936,150.01,150.03,495,443,trade
2024-01-01 09:35:26,AAPL,150.02,898,150.01,150.03,493,418,trade
2024-01-01 09:35:27,AAPL,150.02,999,150.0,150.03,421,439,trade
2024-01-01 09:35:28,AAPL,150.01,586,150.0,150.03,427,467,trade
2024-01-01 09:35:29,AAPL,150.01,881,150.0,150.02,149,229,trade
2024-01-01 09:35:30,AAPL,150.01,780,150.0,150.01,289,342,trade
2024-01-01 09:35:31,AAPL,150.02,486,150.0,150.05,496,337,trade
2024-01-01 09:35:32,AAPL,150.01,527,149.99,150.03,434,319,trade
2024-01-01 09:35:33,AAPL,150.0,642,149.98,150.02,154,126,trade
2024-01-01 09:35:34,AAPL,149.99,722,149.97,150.0,487,265,trade
2024-01-01 09:35:35,AAPL,149.97,372,149.96,149.98,477,482,trade
2024-01-01 09:35:36,AAPL,149.99,111,149.98,150.01,178,301,trade
2024-01-01 09:35:37,AAPL,149.98,636,149.96,150.0,328,151,trade
2024-01-01 09:35:38,AAPL,149.98,133,149.97,149.98,465,325,trade
2024-01-01 09:35:39,AAPL,149.97,302,149.95,149.99,161,170,trade
2024-01-01 09:35:40,AAPL,149.98,508,149.95,150.0,450,455,trade
2024-01-01 09:35:41,AAPL,149.98,923,149.96,150.0,399,466,trade
2024-01-01 09:35:42,AAPL,149.99,427,149.97,150.0,279,480,trade
2024-01-01 09:35:43,AAPL,149.99,499,149.98,150.0,341,257,trade
2024-01-01 09:35:44,AAPL,149.98,535,149.97,149.99,298,345,trade
2024-01-01 09:35:45,AAPL,149.97,628,149.96,149.99,254,129,trade
2024-01-01 09:35:46,AAPL,149.97,302,149.96,149.98,254,138,trade
2024-01-01 09:35:47,AAPL,149.97,794,149.96,149.99,213,289,trade
2024-01-01 09:35:48,AAPL,149.99,633,149.97,150.01,258,274,trade
2024-01-01 09:35:49,AAPL,150.0,273,149.99,150.01,368,345,trade
2024-01-01 09:35:50,AAPL,150.01,212,149.99,150.03,235,139,trade
2024-01-01 09:35:51,AAPL,150.02,865,150.01,150.04,312,147,trade
2024-01-01 09:35:52,AAPL,150.02,461,150.01,150.03,457,203,trade
2024-01-01 09:35:53,AAPL,150.01,397,150.01,150.02,144,110,trade
2024-01-01 09:35:54,AAPL,150.01,294,150.0,150.01,438,459,trade
2024-01-01 09:35:55,AAPL,150.02,740,150.0,150.03,442,313,trade
2024-01-01 09:35:56,AAPL,150.02,206,150.01,150.02,141,258,trade
2024-01-01 09:35:57,AAPL,150.0,951,149.99,150.01,214,412,trade
2024-01-01 09:35:58,AAPL,149.99,248,149.98,150.0,225,281,trade
2024-01-01 09:35:59,AAPL,149.99,934,149.97,150.0,382,175,trade
2024-01-01 09:36:00,AAPL,149.99,937,149.99,150.0,407,152,trade
2024-01-01 09:36:01,AAPL,150.01,834,149.99,150.03,369,451,trade
2024-01-01 09:36:02,AAPL,150.02,330,150.0,150.04,299,315,trade
2024-01-01 09:36:03,AAPL,150.01,217,150.0,150.02,427,246,trade
2024-01-01 09:36:04,AAPL,150.03,596,150.03,150.04,469,454,trade
2024-01-01 09:36:05,AAPL,150.04,920,150.04,150.05,219,446,trade
2024-01-01 09:36:06,AAPL,150.05,987,150.03,150.06,226,391,trade
2024-01-01 09:36:07,AAPL,150.06,101,150.05,150.07,407,115,trade
2024-01-01 09:36:08,AAPL,150.05,310,150.04,150.07,227,293,trade
2024-01-01 09:36:09,AAPL,150.06,915,150.05,150.08,183,160,trade
2024-01-01 09:36:10,AAPL,150.05,299,150.03,150.07,480,235,trade
2024-01-01 09:36:11,AAPL,150.05,514,150.04,150.07,463,492,trade
2024-01-01 09:36:12,AAPL,150.06,461,150.05,150.08,146,387,trade
2024-01-01 09:36:13,AAPL,150.07,824,150.05,150.08,414,314,trade
2024-01-01 09:36:14,AAPL,150.06,343,150.03,150.08,188,435,trade
2024-01-01 09:36:15,AAPL,150.05,263,150.03,150.07,278,160,trade
2024-01-01 09:36:16,AAPL,150.05,304,150.05,150.06,323,437,trade
2024-01-01 09:36:17,AAPL,150.05,453,150.03,150.07,219,411,trade
2024-01-01 09:36:18,AAPL,150.06,738,150.05,150.07,408,240,trade
2024-01-01 09:36:19,AAPL,150.06,423,150.04,150.07,108,123,trade
2024-01-01 09:36:20,AAPL,150.05,217,150.02,150.07,287,394,trade
2024-01-01 09:36:21,AAPL,150.06,558,150.04,150.08,376,199,trade
2024-01-01 09:36:22,AAPL,150.05,396,150.04,150.07,161,278,trade
2024-01-01 09:36:23,AAPL,150.03,494,150.01,150.05,246,105,trade
2024-01-01 09:36:24,AAPL,150.03,311,150.01,150.05,290,166,trade
2024-01-01 09:36:25,AAPL,150.03,566,150.0,150.05,211,360,trade
2024-01-01 09:36:26,AAPL,150.05,782,150.04,150.05,483,165,trade
2024-01-01 09:36:27,AAPL,150.04,631,150.03,150.05,424,129,trade
2024-01-01 09:36:28,AAPL,150.05,907,150.02,150.07,186,204,trade
2024-01-01 09:36:29,AAPL,150.05,461,150.04,150.06,264,499,trade
2024-01-01 09:36:30,AAPL,150.03,766,150.02,150.05,462,110,trade
2024-01-01 09:36:31,AAPL,150.03,326,150.02,150.03,282,475,trade
2024-01-01 09:36:32,AAPL,150.05,984,150.02,150.07,181,173,trade
2024-01-01 09:36:33,AAPL,150.04,395,150.02,150.07,123,100,trade
2024-01-01 09:36:34,AAPL,150.04,812,150.03,150.06,183,445,trade
2024-01-01 09:36:35,AAPL,150.02,686,150.01,150.04,191,387,trade
2024-01-01 09:36:36,AAPL,150.01,797,150.0,150.03,396,204,trade
2024-01-01 09:36:37,AAPL,150.0,498,149.99,150.01,226,471,trade
2024-01-01 09:36:38,AAPL,149.99,120,149.98,150.0,136,335,trade
2024-01-01 09:36:39,AAPL,149.99,191,149.98,150.0,454,163,trade
2024-01-01 09:36:40,AAPL,149.99,587,149.98,150.0,419,202,trade
2024-01-01 09:36:41,AAPL,149.97,376,149.96,149.99,114,102,trade
2024-01-01 09:36:42,AAPL,149.97,325,149.96,149.98,253,298,trade
2024-01-01 09:36:43,AAPL,149.97,765,149.95,149.99,456,300,trade
2024-01-01 09:36:44,AAPL,149.96,913,149.94,149.97,476,267,trade
2024-01-01 09:36:45,AAPL,149.95,123,149.93,149.98,189,222,trade
2024-01-01 09:36:46,AAPL,149.95,735,149.94,149.96,355,385,trade
2024-01-01 09:36:47,AAPL,149.96,283,149.94,149.97,236,351,trade
2024-01-01 09:36:48,AAPL,149.96,956,149.95,149.96,153,451,trade
2024-01-01 09:36:49,AAPL,149.97,200,149.95,149.98,326,445,trade
2024-01-01 09:36:50,AAPL,149.96,901,149.94,149.98,412,484,trade
2024-01-01 09:36:51,AAPL,149.95,491,149.94,149.95,327,354,trade
2024-01-01 09:36:52,AAPL,149.96,887,149.94,149.97,444,314,trade
2024-01-01 09:36:53,AAPL,149.97,544,149.96,149.97,205,250,trade
2024-01-01 09:36:54,AAPL,149.95,283,149.94,149.97,472,352,trade
2024-01-01 09:36:55,AAPL,149.96,939,149.93,149.98,366,360,trade
2024-01-01 09:36:56,AAPL,149.96,299,149.95,149.98,342,238,trade
2024-01-01 09:36:57,AAPL,149.97,172,149.95,149.99,285,391,trade
2024-01-01 09:36:58,AAPL,149.95,390,149.94,149.97,122,162,trade
2024-01-01 09:36:59,AAPL,149.95,604,149.94,149.96,468,345,trade
2024-01-01 09:37:00,AAPL,149.93,272,149.92,149.95,163,462,trade
2024-01-01 09:37:01,AAPL,149.93,808,149.92,149.93,155,287,trade
2024-01-01 09:37:02,AAPL,149.92,677,149.9,149.94,124,492,trade
2024-01-01 09:37:03,AAPL,149.92,639,149.9,149.95,117,375,trade
2024-01-01 09:37:04,AAPL,149.92,385,149.91,149.94,101,144,trade
2024-01-01 09:37:05,AAPL,149.91,435,149.9,149.92,419,116,trade
2024-01-01 09:37:06,AAPL,149.9,257,149.88,149.93,358,309,trade
2024-01-01 09:37:07,AAPL,149.88,292,149.87,149.9,229,420,trade
2024-01-01 09:37:08,AAPL,149.88,711,149.86,149.89,347,432,trade
2024-01-01 09:37:09,AAPL,149.87,593,149.86,149.87,491,155,trade
2024-01-01 09:37:10,AAPL,149.87,350,149.85,149.89,486,350,trade
2024-01-01 09:37:11,AAPL,149.87,236,149.85,149.88,285,145,trade
2024-01-01 09:37:12,AAPL,149.87,347,149.85,149.88,355,448,trade
2024-01-01 09:37:13,AAPL,149.88,207,149.86,149.9,191,303,trade
2024-01-01 09:37:14,AAPL,149.88,158,149.87,149.9,407,166,trade
2024-01-01 09:37:15,AAPL,149.9,472,149.89,149.91,338,199,trade
2024-01-01 09:37:16,AAPL,149.9,332,149.89,149.91,105,359,trade
2024-01-01 09:37:17,AAPL,149.9,241,149.88,149.92,126,411,trade
2024-01-01 09:37:18,AAPL,149.89,611,149.88,149.91,350,264,trade
2024-01-01 09:37:19,AAPL,149.9,263,149.88,149.92,355,300,trade
2024-01-01 09:37:20,AAPL,149.88,740,149.86,149.91,270,427,trade
2024-01-01 09:37:21,AAPL,149.89,971,149.87,149.9,291,323,trade
2024-01-01 09:37:22,AAPL,149.88,830,149.86,149.89,178,301,trade
2024-01-01 09:37:23,AAPL,149.88,291,149.87,149.88,280,186,trade
2024-01-01 09:37:24,AAPL,149.89,703,149.87,149.9,377,358,trade
2024-01-01 09:37:25,AAPL,149.89,200,149.87,149.91,184,273,trade
2024-01-01 09:37:26,AAPL,149.89,869,149.88,149.9,431,296,trade
2024-01-01 09:37:27,AAPL,149.9,908,149.87,149.92,337,213,trade
2024-01-01 09:37:28,AAPL,149.89,903,149.88,149.91,252,389,trade
2024-01-01 09:37:29,AAPL,149.91,424,149.91,149.92,301,456,trade
2024-01-01 09:37:30,AAPL,149.89,469,149.87,149.9,420,140,trade
2024-01-01 09:37:31,AAPL,149.88,332,149.87,149.89,378,114,trade
2024-01-01 09:37:32,AAPL,149.88,952,149.87,149.89,142,201,trade
2024-01-01 09:37:33,AAPL,149.87,508,149.86,149.89,376,250,trade
2024-01-01 09:37:34,AAPL,149.87,646,149.86,149.89,106,262,trade
2024-01-01 09:37:35,AAPL,149.87,358,149.85,149.89,214,238,trade
2024-01-01 09:37:36,AAPL,149.88,433,149.87,149.88,347,258,trade
2024-01-01 09:37:37,AAPL,149.88,527,149.86,149.9,293,340,trade
2024-01-01 09:37:38,AAPL,149.87,507,149.85,149.89,385,293,trade
2024-01-01 09:37:39,AAPL,149.87,274,149.86,149.88,301,455,trade
2024-01-01 09:37:40,AAPL,149.87,594,149.85,149.89,189,328,trade
2024-01-01 09:37:41,AAPL,149.85,598,149.85,149.86,283,251,trade
2024-01-01 09:37:42,AAPL,149.86,562,149.84,149.89,226,487,trade
2024-01-01 09:37:43,AAPL,149.87,529,149.84,149.89,180,393,trade
2024-01-01 09:37:44,AAPL,149.86,686,149.85,149.87,299,437,trade
2024-01-01 09:37:45,AAPL,149.86,257,149.84,149.89,272,168,trade
2024-01-01 09:37:46,AAPL,149.87,337,149.84,149.89,479,477,trade
2024-01-01 09:37:47,AAPL,149.87,790,149.86,149.87,411,389,trade
2024-01-01 09:37:48,AAPL,149.86,852,149.85,149.88,351,488,trade
2024-01-01 09:37:49,AAPL,149.85,784,149.84,149.86,243,286,trade
2024-01-01 09:37:50,AAPL,149.85,514,149.83,149.87,286,370,trade
2024-01-01 09:37:51,AAPL,149.87,617,149.85,149.89,213,366,trade
2024-01-01 09:37:52,AAPL,149.88,407,149.87,149.9,373,140,trade
2024-01-01 09:37:53,AAPL,149.87,468,149.85,149.89,377,422,trade
2024-01-01 09:37:54,AAPL,149.87,482,149.86,149.88,125,413,trade
2024-01-01 09:37:55,AAPL,149.88,588,149.86,149.89,488,448,trade
2024-01-01 09:37:56,AAPL,149.88,781,149.88,149.89,471,227,trade
2024-01-01 09:37:57,AAPL,149.87,833,149.84,149.89,337,224,trade
2024-01-01 09:37:58,AAPL,149.87,597,149.86,149.88,237,295,trade
2024-01-01 09:37:59,AAPL,149.87,178,149.85,149.89,318,102,trade
2024-01-01 09:38:00,AAPL,149.87,997,149.86,149.88,469,284,trade
2024-01-01 09:38:01,AAPL,149.87,378,149.87,149.88,304,492,trade
2024-01-01 09:38:02,AAPL,149.88,838,149.86,149.9,432,430,trade
2024-01-01 09:38:03,AAPL,149.89,965,149.88,149.9,300,457,trade
2024-01-01 09:38:04,AAPL,149.89,183,149.86,149.91,489,157,trade
2024-01-01 09:38:05,AAPL,149.88,210,149.86,149.9,184,156,trade
2024-01-01 09:38:06,AAPL,149.87,521,149.85,149.89,283,407,trade
2024-01-01 09:38:07,AAPL,149.87,646,149.86,149.88,487,137,trade
2024-01-01 09:38:08,AAPL,149.85,413,149.84,149.86,437,104,trade
2024-01-01 09:38:09,AAPL,149.85,726,149.84,149.86,155,300,trade
2024-01-01 09:38:10,AAPL,149.84,377,149.82,149.85,483,484,trade
2024-01-01 09:38:11,AAPL,149.85,851,149.83,149.87,459,474,trade
2024-01-01 09:38:12,AAPL,149.84,421,149.82,149.86,433,266,trade
2024-01-01 09:38:13,AAPL,149.83,469,149.82,149.84,286,352,trade
2024-01-01 09:38:14,AAPL,149.81,463,149.8,149.82,334,290,trade
2024-01-01 09:38:15,AAPL,149.82,451,149.8,149.84,207,351,trade
2024-01-01 09:38:16,AAPL,149.82,343,149.81,149.83,228,377,trade
2024-01-01 09:38:17,AAPL,149.8,672,149.79,149.81,268,199,trade
2024-01-01 09:38:18,AAPL,149.8,304,149.79,149.81,317,282,trade
2024-01-01 09:38:19,AAPL,149.8,786,149.78,149.83,284,329,trade
2024-01-01 09:38:20,AAPL,149.81,504,149.79,149.82,168,368,trade
2024-01-01 09:38:21,AAPL,149.8,565,149.8,149.81,433,298,trade
2024-01-01 09:38:22,AAPL,149.81,766,149.79,149.82,230,144,trade
2024-01-01 09:38:23,AAPL,149.82,380,149.8,149.84,247,478,trade
2024-01-01 09:38:24,AAPL,149.82,465,149.81,149.82,203,338,trade
2024-01-01 09:38:25,AAPL,149.81,811,149.8,149.82,353,295,trade
2024-01-01 09:38:26,AAPL,149.81,312,149.79,149.82,457,243,trade
2024-01-01 09:38:27,AAPL,149.81,919,149.79,149.83,208,113,trade
2024-01-01 09:38:28,AAPL,149.81,180,149.8,149.83,127,438,trade
2024-01-01 09:38:29,AAPL,149.84,305,149.82,149.86,310,365,trade
2024-01-01 09:38:30,AAPL,149.85,862,149.82,149.87,226,275,trade
2024-01-01 09:38:31,AAPL,149.84,102,149.83,149.85,135,209,trade
2024-01-01 09:38:32,AAPL,149.84,204,149.83,149.85,352,354,trade
2024-01-01 09:38:33,AAPL,149.83,348,149.82,149.85,475,217,trade
2024-01-01 09:38:34,AAPL,149.83,168,149.82,149.85,443,186,trade
2024-01-01 09:38:35,AAPL,149.84,996,149.83,149.86,396,165,trade
2024-01-01 09:38:36,AAPL,149.83,179,149.81,149.85,296,412,trade
2024-01-01 09:38:37,AAPL,149.83,449,149.81,149.86,420,403,trade
2024-01-01 09:38:38,AAPL,149.85,578,149.84,149.87,321,463,trade
2024-01-01 09:38:39,AAPL,149.86,806,149.86,149.87,104,305,trade
2024-01-01 09:38:40,AAPL,149.86,898,149.84,149.89,289,166,trade
2024-01-01 09:38:41,AAPL,149.85,343,149.85,149.86,231,456,trade
2024-01-01 09:38:42,AAPL,149.85,839,149.83,149.86,422,178,trade
2024-01-01 09:38:43,AAPL,149.85,615,149.83,149.87,416,196,trade
2024-01-01 09:38:44,AAPL,149.88,353,149.85,149.9,299,103,trade
2024-01-01 09:38:45,AAPL,149.88,892,149.87,149.89,267,479,trade
2024-01-01 09:38:46,AAPL,149.87,384,149.87,149.88,195,125,trade
2024-01-01 09:38:47,AAPL,149.88,223,149.85,149.9,271,420,trade
2024-01-01 09:38:48,AAPL,149.88,827,149.86,149.9,287,468,trade
2024-01-01 09:38:49,AAPL,149.89,988,149.88,149.89,497,195,trade
2024-01-01 09:38:50,AAPL,149.89,395,149.87,149.91,143,498,trade
2024-01-01 09:38:51,AAPL,149.9,402,149.88,149.92,171,428,trade
2024-01-01 09:38:52,AAPL,149.89,823,149.87,149.91,399,308,trade
2024-01-01 09:38:53,AAPL,149.89,827,149.88,149.9,221,412,trade
2024-01-01 09:38:54,AAPL,149.9,737,149.89,149.91,491,462,trade
2024-01-01 09:38:55,AAPL,149.9,975,149.89,149.91,388,373,trade
2024-01-01 09:38:56,AAPL,149.9,224,149.88,149.91,149,162,trade
2024-01-01 09:38:57,AAPL,149.89,292,149.88,149.9,306,143,trade
2024-01-01 09:38:58,AAPL,149.9,661,149.89,149.91,446,333,trade
2024-01-01 09:38:59,AAPL,149.92,486,149.9,149.93,452,106,trade
2024-01-01 09:39:00,AAPL,149.91,736,149.9,149.92,153,319,trade
2024-01-01 09:39:01,AAPL,149.9,987,149.89,149.92,363,144,trade
2024-01-01 09:39:02,AAPL,149.91,408,149.89,149.94,485,154,trade
2024-01-01 09:39:03,AAPL,149.9,288,149.89,149.9,245,342,trade
2024-01-01 09:39:04,AAPL,149.89,781,149.87,149.9,101,411,trade
2024-01-01 09:39:05,AAPL,149.88,758,149.86,149.9,419,431,trade
2024-01-01 09:39:06,AAPL,149.87,453,149.86,149.88,125,179,trade
2024-01-01 09:39:07,AAPL,149.86,742,149.85,149.87,402,269,trade
2024-01-01 09:39:08,AAPL,149.87,277,149.85,149.88,339,441,trade
2024-01-01 09:39:09,AAPL,149.87,134,149.87,149.88,339,160,trade
2024-01-01 09:39:10,AAPL,149.87,911,149.85,149.88,348,202,trade
2024-01-01 09:39:11,AAPL,149.87,433,149.86,149.88,199,151,trade
2024-01-01 09:39:12,AAPL,149.87,704,149.85,149.89,449,417,trade
2024-01-01 09:39:13,AAPL,149.86,575,149.85,149.86,482,398,trade
2024-01-01 09:39:14,AAPL,149.84,738,149.82,149.86,444,142,trade
2024-01-01 09:39:15,AAPL,149.84,871,149.82,149.86,121,387,trade
2024-01-01 09:39:16,AAPL,149.83,531,149.81,149.85,400,135,trade
2024-01-01 09:39:17,AAPL,149.84,562,149.82,149.86,484,141,trade
2024-01-01 09:39:18,AAPL,149.84,644,149.82,149.85,303,444,trade
2024-01-01 09:39:19,AAPL,149.84,551,149.82,149.86,433,129,trade
2024-01-01 09:39:20,AAPL,149.84,897,149.83,149.85,364,273,trade
2024-01-01 09:39:21,AAPL,149.84,447,149.83,149.85,210,246,trade
2024-01-01 09:39:22,AAPL,149.85,426,149.83,149.87,451,254,trade
2024-01-01 09:39:23,AAPL,149.85,488,149.83,149.87,160,276,trade
2024-01-01 09:39:24,AAPL,149.85,838,149.83,149.88,395,105,trade
2024-01-01 09:39:25,AAPL,149.84,785,149.82,149.86,152,300,trade
2024-01-01 09:39:26,AAPL,149.84,533,149.83,149.85,105,304,trade
2024-01-01 09:39:27,AAPL,149.84,616,149.82,149.87,249,319,trade
2024-01-01 09:39:28,AAPL,149.85,675,149.84,149.86,406,455,trade
2024-01-01 09:39:29,AAPL,149.85,233,149.82,149.87,198,293,trade
2024-01-01 09:39:30,AAPL,149.84,516,149.83,149.85,395,259,trade
2024-01-01 09:39:31,AAPL,149.86,625,149.85,149.87,496,323,trade
2024-01-01 09:39:32,AAPL,149.86,625,149.83,149.88,261,295,trade
2024-01-01 09:39:33,AAPL,149.85,542,149.82,149.87,164,208,trade
2024-01-01 09:39:34,AAPL,149.84,115,149.83,149.85,338,308,trade
2024-01-01 09:39:35,AAPL,149.84,995,149.83,149.85,251,174,trade
2024-01-01 09:39:36,AAPL,149.84,444,149.82,149.85,174,257,trade
2024-01-01 09:39:37,AAPL,149.83,722,149.82,149.84,140,436,trade
2024-01-01 09:39:38,AAPL,149.82,145,149.8,149.84,468,341,trade
2024-01-01 09:39:39,AAPL,149.84,560,149.81,149.86,256,329,trade
2024-01-01 09:39:40,AAPL,149.84,828,149.82,149.86,408,173,trade
2024-01-01 09:39:41,AAPL,149.83,553,149.81,149.85,136,386,trade
2024-01-01 09:39:42,AAPL,149.82,305,149.81,149.84,443,478,trade
2024-01-01 09:39:43,AAPL,149.83,367,149.81,149.84,250,204,trade
2024-01-01 09:39:44,AAPL,149.85,875,149.83,149.86,158,179,trade
2024-01-01 09:39:45,AAPL,149.85,712,149.82,149.87,426,325,trade
2024-01-01 09:39:46,AAPL,149.83,761,149.81,149.86,370,217,trade
2024-01-01 09:39:47,AAPL,149.83,302,149.81,149.84,217,337,trade
2024-01-01 09:39:48,AAPL,149.83,931,149.81,149.84,428,184,trade
2024-01-01 09:39:49,AAPL,149.83,192,149.81,149.84,339,490,trade
2024-01-01 09:39:50,AAPL,149.81,363,149.8,149.83,320,497,trade
2024-01-01 09:39:51,AAPL,149.83,744,149.81,149.84,238,388,trade
2024-01-01 09:39:52,AAPL,149.81,543,149.8,149.82,492,440,trade
2024-01-01 09:39:53,AAPL,149.79,394,149.77,149.81,290,486,trade
2024-01-01 09:39:54,AAPL,149.78,818,149.77,149.79,210,282,trade
2024-01-01 09:39:55,AAPL,149.78,441,149.77,149.8,195,134,trade
2024-01-01 09:39:56,AAPL,149.77,556,149.76,149.79,497,475,trade
2024-01-01 09:39:57,AAPL,149.76,826,149.74,149.78,429,477,trade
2024-01-01 09:39:58,AAPL,149.75,678,149.73,149.77,189,298,trade
2024-01-01 09:39:59,AAPL,149.76,355,149.74,149.77,231,193,trade
2024-01-01 09:40:00,AAPL,149.76,808,149.74,149.78,331,457,trade
2024-01-01 09:40:01,AAPL,149.77,687,149.75,149.78,276,306,trade
2024-01-01 09:40:02,AAPL,149.76,976,149.74,149.78,174,466,trade
2024-01-01 09:40:03,AAPL,149.77,903,149.76,149.78,183,166,trade
2024-01-01 09:40:04,AAPL,149.77,361,149.75,149.79,161,152,trade
2024-01-01 09:40:05,AAPL,149.77,984,149.75,149.79,479,275,trade
2024-01-01 09:40:06,AAPL,149.76,447,149.73,149.78,298,246,trade
2024-01-01 09:40:07,AAPL,149.75,734,149.74,149.76,173,200,trade
2024-01-01 09:40:08,AAPL,149.75,356,149.74,149.76,312,137,trade
2024-01-01 09:40:09,AAPL,149.75,226,149.74,149.77,337,292,trade
2024-01-01 09:40:10,AAPL,149.76,625,149.74,149.79,259,106,trade
2024-01-01 09:40:11,AAPL,149.78,473,149.76,149.8,300,242,trade
2024-01-01 09:40:12,AAPL,149.75,279,149.74,149.77,150,151,trade
2024-01-01 09:40:13,AAPL,149.77,947,149.75,149.8,118,362,trade
2024-01-01 09:40:14,AAPL,149.76,838,149.75,149.77,221,194,trade
2024-01-01 09:40:15,AAPL,149.76,306,149.75,149.77,471,362,trade
2024-01-01 09:40:16,AAPL,149.76,835,149.74,149.78,404,490,trade
2024-01-01 09:40:17,AAPL,149.77,452,149.76,149.79,467,237,trade
2024-01-01 09:40:18,AAPL,149.79,153,149.77,149.8,242,132,trade
2024-01-01 09:40:19,AAPL,149.79,328,149.78,149.8,426,426,trade
2024-01-01 09:40:20,AAPL,149.79,940,149.77,149.82,207,290,trade
2024-01-01 09:40:21,AAPL,149.79,780,149.77,149.82,245,404,trade
2024-01-01 09:40:22,AAPL,149.8,714,149.77,149.82,487,424,trade
2024-01-01 09:40:23,AAPL,149.81,420,149.78,149.83,322,426,trade
2024-01-01 09:40:24,AAPL,149.81,853,149.79,149.84,490,255,trade
2024-01-01 09:40:25,AAPL,149.83,286,149.82,149.83,402,248,trade
2024-01-01 09:40:26,AAPL,149.83,628,149.81,149.85,424,407,trade
2024-01-01 09:40:27,AAPL,149.81,355,149.79,149.84,443,476,trade
2024-01-01 09:40:28,AAPL,149.81,397,149.79,149.83,187,218,trade
2024-01-01 09:40:29,AAPL,149.8,234,149.79,149.8,294,385,trade
2024-01-01 09:40:30,AAPL,149.79,863,149.78,149.8,425,281,trade
2024-01-01 09:40:31,AAPL,149.78,175,149.78,149.79,172,185,trade
2024-01-01 09:40:32,AAPL,149.78,722,149.76,149.8,200,426,trade
2024-01-01 09:40:33,AAPL,149.76,758,149.76,149.77,373,116,trade
2024-01-01 09:40:34,AAPL,149.76,694,149.75,149.78,138,470,trade
2024-01-01 09:40:35,AAPL,149.76,957,149.74,149.78,374,288,trade
2024-01-01 09:40:36,AAPL,149.76,527,149.74,149.78,359,410,trade
2024-01-01 09:40:37,AAPL,149.75,464,149.74,149.77,134,333,trade
2024-01-01 09:40:38,AAPL,149.74,231,149.72,149.76,246,107,trade
2024-01-01 09:40:39,AAPL,149.75,623,149.73,149.77,321,121,trade
2024-01-01 09:40:40,AAPL,149.74,753,149.73,149.75,201,348,trade
2024-01-01 09:40:41,AAPL,149.73,779,149.71,149.75,282,315,trade
2024-01-01 09:40:42,AAPL,149.76,628,149.75,149.76,411,137,trade
2024-01-01 09:40:43,AAPL,149.78,784,149.76,149.8,425,360,trade
2024-01-01 09:40:44,AAPL,149.78,104,149.76,149.79,323,224,trade
2024-01-01 09:40:45,AAPL,149.77,949,149.74,149.79,446,376,trade
2024-01-01 09:40:46,AAPL,149.78,987,149.77,149.78,182,377,trade
2024-01-01 09:40:47,AAPL,149.78,532,149.77,149.79,110,460,trade
2024-01-01 09:40:48,AAPL,149.79,565,149.77,149.81,160,350,trade
2024-01-01 09:40:49,AAPL,149.8,205,149.78,149.81,171,100,trade
2024-01-01 09:40:50,AAPL,149.79,889,149.78,149.81,424,412,trade
2024-01-01 09:40:51,AAPL,149.8,382,149.77,149.82,462,147,trade
2024-01-01 09:40:52,AAPL,149.79,203,149.77,149.81,395,423,trade
2024-01-01 09:40:53,AAPL,149.77,235,149.75,149.8,308,449,trade
2024-01-01 09:40:54,AAPL,149.77,701,149.76,149.79,485,221,trade
2024-01-01 09:40:55,AAPL,149.77,492,149.76,149.79,139,150,trade
2024-01-01 09:40:56,AAPL,149.76,418,149.74,149.78,433,212,trade
2024-01-01 09:40:57,AAPL,149.77,265,149.76,149.78,465,127,trade
2024-01-01 09:40:58,AAPL,149.76,266,149.75,149.77,169,412,trade
2024-01-01 09:40:59,AAPL,149.75,769,149.75,149.76,369,227,trade
2024-01-01 09:41:00,AAPL,149.77,253,149.76,149.77,281,105,trade
2024-01-01 09:41:01,AAPL,149.77,993,149.76,149.78,361,176,trade
2024-01-01 09:41:02,AAPL,149.77,569,149.75,149.79,147,255,trade
2024-01-01 09:41:03,AAPL,149.78,278,149.75,149.8,371,185,trade
2024-01-01 09:41:04,AAPL,149.77,101,149.75,149.79,395,356,trade
2024-01-01 09:41:05,AAPL,149.76,548,149.75,149.76,135,442,trade
2024-01-01 09:41:06,AAPL,149.75,988,149.73,149.77,364,461,trade
2024-01-01 09:41:07,AAPL,149.73,127,149.72,149.75,468,257,trade
2024-01-01 09:41:08,AAPL,149.73,515,149.71,149.75,162,409,trade
2024-01-01 09:41:09,AAPL,149.73,745,149.71,149.75,229,206,trade
2024-01-01 09:41:10,AAPL,149.72,133,149.71,149.73,406,346,trade
2024-01-01 09:41:11,AAPL,149.71,399,149.7,149.72,390,359,trade
2024-01-01 09:41:12,AAPL,149.72,644,149.71,149.73,470,423,trade
2024-01-01 09:41:13,AAPL,149.72,766,149.71,149.73,269,218,trade
2024-01-01 09:41:14,AAPL,149.72,333,149.71,149.73,182,359,trade
2024-01-01 09:41:15,AAPL,149.72,292,149.7,149.73,402,245,trade
2024-01-01 09:41:16,AAPL,149.72,155,149.71,149.73,277,338,trade
2024-01-01 09:41:17,AAPL,149.72,413,149.7,149.73,277,459,trade
2024-01-01 09:41:18,AAPL,149.71,843,149.69,149.72,391,109,trade
2024-01-01 09:41:19,AAPL,149.7,181,149.68,149.73,282,312,trade
2024-01-01 09:41:20,AAPL,149.69,137,149.67,149.71,228,121,trade
2024-01-01 09:41:21,AAPL,149.68,885,149.66,149.7,174,160,trade
2024-01-01 09:41:22,AAPL,149.67,726,149.66,149.69,386,152,trade
2024-01-01 09:41:23,AAPL,149.67,545,149.66,149.68,251,233,trade
2024-01-01 09:41:24,AAPL,149.67,523,149.66,149.68,399,251,trade
2024-01-01 09:41:25,AAPL,149.67,648,149.67,149.68,467,127,trade
2024-01-01 09:41:26,AAPL,149.67,818,149.67,149.68,260,285,trade
2024-01-01 09:41:27,AAPL,149.68,527,149.65,149.7,197,224,trade
2024-01-01 09:41:28,AAPL,149.67,201,149.66,149.68,300,459,trade
2024-01-01 09:41:29,AAPL,149.67,870,149.65,149.68,311,230,trade
2024-01-01 09:41:30,AAPL,149.65,221,149.63,149.68,304,230,trade
2024-01-01 09:41:31,AAPL,149.64,632,149.64,149.65,163,433,trade
2024-01-01 09:41:32,AAPL,149.63,429,149.61,149.65,279,333,trade
2024-01-01 09:41:33,AAPL,149.63,603,149.62,149.64,379,215,trade
2024-01-01 09:41:34,AAPL,149.64,196,149.63,149.66,107,252,trade
2024-01-01 09:41:35,AAPL,149.65,450,149.64,149.67,454,325,trade
2024-01-01 09:41:36,AAPL,149.65,332,149.63,149.67,434,332,trade
2024-01-01 09:41:37,AAPL,149.66,326,149.63,149.68,304,486,trade
2024-01-01 09:41:38,AAPL,149.67,485,149.65,149.7,161,429,trade
2024-01-01 09:41:39,AAPL,149.67,744,149.65,149.69,296,491,trade
2024-01-01 09:41:40,AAPL,149.66,797,149.65,149.66,492,495,trade
2024-01-01 09:41:41,AAPL,149.67,771,149.65,149.69,140,104,trade
2024-01-01 09:41:42,AAPL,149.68,840,149.67,149.7,469,147,trade
2024-01-01 09:41:43,AAPL,149.66,829,149.65,149.68,150,318,trade
2024-01-01 09:41:44,AAPL,149.65,392,149.64,149.67,365,442,trade
2024-01-01 09:41:45,AAPL,149.66,724,149.65,149.68,384,445,trade
2024-01-01 09:41:46,AAPL,149.66,888,149.65,149.67,480,114,trade
2024-01-01 09:41:47,AAPL,149.67,674,149.66,149.69,360,478,trade
2024-01-01 09:41:48,AAPL,149.68,959,149.67,149.7,359,448,trade
2024-01-01 09:41:49,AAPL,149.67,436,149.65,149.68,247,253,trade
2024-01-01 09:41:50,AAPL,149.65,916,149.63,149.67,419,480,trade
2024-01-01 09:41:51,AAPL,149.62,504,149.6,149.64,193,366,trade
2024-01-01 09:41:52,AAPL,149.63,352,149.62,149.65,449,490,trade
2024-01-01 09:41:53,AAPL,149.63,903,149.61,149.65,325,190,trade
2024-01-01 09:41:54,AAPL,149.64,116,149.63,149.64,381,331,trade
2024-01-01 09:41:55,AAPL,149.63,881,149.61,149.65,364,248,trade
2024-01-01 09:41:56,AAPL,149.64,832,149.61,149.66,447,315,trade
2024-01-01 09:41:57,AAPL,149.62,969,149.61,149.63,158,259,trade
2024-01-01 09:41:58,AAPL,149.6,636,149.58,149.63,178,367,trade
2024-01-01 09:41:59,AAPL,149.61,799,149.58,149.63,458,256,trade
2024-01-01 09:42:00,AAPL,149.62,389,149.61,149.63,214,151,trade
2024-01-01 09:42:01,AAPL,149.63,248,149.61,149.65,422,401,trade
2024-01-01 09:42:02,AAPL,149.62,589,149.61,149.63,385,236,trade
2024-01-01 09:42:03,AAPL,149.61,304,149.59,149.63,122,365,trade
2024-01-01 09:42:04,AAPL,149.6,576,149.58,149.62,135,204,trade
2024-01-01 09:42:05,AAPL,149.6,337,149.59,149.61,431,264,trade
2024-01-01 09:42:06,AAPL,149.58,887,149.58,149.59,166,225,trade
2024-01-01 09:42:07,AAPL,149.57,969,149.55,149.59,234,313,trade
2024-01-01 09:42:08,AAPL,149.57,152,149.55,149.6,294,266,trade
2024-01-01 09:42:09,AAPL,149.56,128,149.55,149.57,263,498,trade
2024-01-01 09:42:10,AAPL,149.54,881,149.53,149.55,292,400,trade
2024-01-01 09:42:11,AAPL,149.55,294,149.54,149.57,175,288,trade
2024-01-01 09:42:12,AAPL,149.55,961,149.53,149.57,361,388,trade
2024-01-01 09:42:13,AAPL,149.56,131,149.55,149.57,171,412,trade
2024-01-01 09:42:14,AAPL,149.55,913,149.54,149.57,136,393,trade
2024-01-01 09:42:15,AAPL,149.56,474,149.53,149.58,355,334,trade
2024-01-01 09:42:16,AAPL,149.57,359,149.55,149.59,359,143,trade
2024-01-01 09:42:17,AAPL,149.57,476,149.55,149.6,467,168,trade
2024-01-01 09:42:18,AAPL,149.58,489,149.56,149.6,477,156,trade
2024-01-01 09:42:19,AAPL,149.58,910,149.56,149.6,307,146,trade
2024-01-01 09:42:20,AAPL,149.57,796,149.55,149.59,445,340,trade
2024-01-01 09:42:21,AAPL,149.56,786,149.54,149.58,352,392,trade
2024-01-01 09:42:22,AAPL,149.54,240,149.53,149.55,349,405,trade
2024-01-01 09:42:23,AAPL,149.54,359,149.53,149.55,240,405,trade
2024-01-01 09:42:24,AAPL,149.53,967,149.52,149.54,378,240,trade
2024-01-01 09:42:25,AAPL,149.51,649,149.49,149.53,428,492,trade
2024-01-01 09:42:26,AAPL,149.5,416,149.49,149.52,210,410,trade
2024-01-01 09:42:27,AAPL,149.5,266,149.49,149.5,338,102,trade
2024-01-01 09:42:28,AAPL,149.52,275,149.5,149.53,444,143,trade
2024-01-01 09:42:29,AAPL,149.53,896,149.51,149.56,174,344,trade
2024-01-01 09:42:30,AAPL,149.54,494,149.53,149.54,216,499,trade
2024-01-01 09:42:31,AAPL,149.52,416,149.5,149.54,153,324,trade
2024-01-01 09:42:32,AAPL,149.51,405,149.5,149.52,112,434,trade
2024-01-01 09:42:33,AAPL,149.5,477,149.48,149.52,430,483,trade
2024-01-01 09:42:34,AAPL,149.5,990,149.48,149.52,163,334,trade
2024-01-01 09:42:35,AAPL,149.51,184,149.49,149.52,330,181,trade
2024-01-01 09:42:36,AAPL,149.51,543,149.49,149.52,157,421,trade
2024-01-01 09:42:37,AAPL,149.5,277,149.48,149.53,218,240,trade
2024-01-01 09:42:38,AAPL,149.51,274,149.49,149.53,372,435,trade
2024-01-01 09:42:39,AAPL,149.52,736,149.5,149.54,213,115,trade
2024-01-01 09:42:40,AAPL,149.51,912,149.49,149.53,175,101,trade
2024-01-01 09:42:41,AAPL,149.49,568,149.47,149.51,411,195,trade
2024-01-01 09:42:42,AAPL,149.49,404,149.47,149.51,219,359,trade
2024-01-01 09:42:43,AAPL,149.48,388,149.47,149.49,165,406,trade
2024-01-01 09:42:44,AAPL,149.49,587,149.47,149.51,263,194,trade
2024-01-01 09:42:45,AAPL,149.5,924,149.48,149.51,448,212,trade
2024-01-01 09:42:46,AAPL,149.51,940,149.5,149.52,349,393,trade
2024-01-01 09:42:47,AAPL,149.5,796,149.49,149.51,309,231,trade
2024-01-01 09:42:48,AAPL,149.51,179,149.49,149.54,148,492,trade
2024-01-01 09:42:49,AAPL,149.53,661,149.52,149.54,235,219,trade
2024-01-01 09:42:50,AAPL,149.53,390,149.52,149.54,268,105,trade
2024-01-01 09:42:51,AAPL,149.54,739,149.52,149.56,218,221,trade
2024-01-01 09:42:52,AAPL,149.54,241,149.54,149.55,353,165,trade
2024-01-01 09:42:53,AAPL,149.54,180,149.53,149.55,118,195,trade
2024-01-01 09:42:54,AAPL,149.54,261,149.51,149.56,183,198,trade
2024-01-01 09:42:55,AAPL,149.53,218,149.52,149.55,115,301,trade
2024-01-01 09:42:56,AAPL,149.54,618,149.52,149.55,102,107,trade
2024-01-01 09:42:57,AAPL,149.54,931,149.52,149.56,195,461,trade
2024-01-01 09:42:58,AAPL,149.56,520,149.55,149.57,462,470,trade
2024-01-01 09:42:59,AAPL,149.56,304,149.54,149.59,267,168,trade
2024-01-01 09:43:00,AAPL,149.56,771,149.55,149.57,188,239,trade
2024-01-01 09:43:01,AAPL,149.57,171,149.55,149.59,169,328,trade
2024-01-01 09:43:02,AAPL,149.56,729,149.54,149.58,134,366,trade
2024-01-01 09:43:03,AAPL,149.56,962,149.55,149.57,149,326,trade
2024-01-01 09:43:04,AAPL,149.56,333,149.53,149.58,167,139,trade
2024-01-01 09:43:05,AAPL,149.56,177,149.54,149.58,139,212,trade
2024-01-01 09:43:06,AAPL,149.55,847,149.53,149.58,276,201,trade
2024-01-01 09:43:07,AAPL,149.55,871,149.54,149.56,482,175,trade
2024-01-01 09:43:08,AAPL,149.53,592,149.51,149.55,465,197,trade
2024-01-01 09:43:09,AAPL,149.53,473,149.52,149.55,440,469,trade
2024-01-01 09:43:10,AAPL,149.53,551,149.51,149.54,298,339,trade
2024-01-01 09:43:11,AAPL,149.53,304,149.5,149.55,330,358,trade
2024-01-01 09:43:12,AAPL,149.54,227,149.53,149.55,306,365,trade
2024-01-01 09:43:13,AAPL,149.53,551,149.52,149.54,112,164,trade
2024-01-01 09:43:14,AAPL,149.55,869,149.53,149.56,203,416,trade
2024-01-01 09:43:15,AAPL,149.54,886,149.53,149.56,383,498,trade
2024-01-01 09:43:16,AAPL,149.54,377,149.52,149.56,214,396,trade
2024-01-01 09:43:17,AAPL,149.54,324,149.52,149.55,475,418,trade
2024-01-01 09:43:18,AAPL,149.55,198,149.54,149.56,185,314,trade
2024-01-01 09:43:19,AAPL,149.55,218,149.54,149.55,466,481,trade
2024-01-01 09:43:20,AAPL,149.54,335,149.53,149.56,415,367,trade
2024-01-01 09:43:21,AAPL,149.54,932,149.53,149.55,243,352,trade
2024-01-01 09:43:22,AAPL,149.56,664,149.55,149.56,133,339,trade
2024-01-01 09:43:23,AAPL,149.56,967,149.54,149.58,433,460,trade
2024-01-01 09:43:24,AAPL,149.57,105,149.56,149.58,327,475,trade
2024-01-01 09:43:25,AAPL,149.57,942,149.54,149.59,106,392,trade
2024-01-01 09:43:26,AAPL,149.57,693,149.57,149.58,352,337,trade
2024-01-01 09:43:27,AAPL,149.58,141,149.57,149.58,483,292,trade
2024-01-01 09:43:28,AAPL,149.58,391,149.57,149.58,488,336,trade
2024-01-01 09:43:29,AAPL,149.58,735,149.56,149.59,414,396,trade
2024-01-01 09:43:30,AAPL,149.58,843,149.57,149.6,349,142,trade
2024-01-01 09:43:31,AAPL,149.58,491,149.56,149.61,446,374,trade
2024-01-01 09:43:32,AAPL,149.57,753,149.56,149.58,372,103,trade
2024-01-01 09:43:33,AAPL,149.56,314,149.55,149.57,115,178,trade
2024-01-01 09:43:34,AAPL,149.57,689,149.56,149.58,375,142,trade
2024-01-01 09:43:35,AAPL,149.58,758,149.57,149.59,115,449,trade
2024-01-01 09:43:36,AAPL,149.56,395,149.54,149.59,489,385,trade
2024-01-01 09:43:37,AAPL,149.56,669,149.54,149.57,322,483,trade
2024-01-01 09:43:38,AAPL,149.55,830,149.53,149.57,389,338,trade
2024-01-01 09:43:39,AAPL,149.54,923,149.52,149.57,472,448,trade
2024-01-01 09:43:40,AAPL,149.53,741,149.52,149.55,392,213,trade
2024-01-01 09:43:41,AAPL,149.52,970,149.51,149.54,385,381,trade
2024-01-01 09:43:42,AAPL,149.53,568,149.52,149.54,106,125,trade
2024-01-01 09:43:43,AAPL,149.53,624,149.51,149.54,297,130,trade
2024-01-01 09:43:44,AAPL,149.54,700,149.52,149.56,331,318,trade
2024-01-01 09:43:45,AAPL,149.54,123,149.52,149.56,113,299,trade
2024-01-01 09:43:46,AAPL,149.55,743,149.53,149.57,138,421,trade
2024-01-01 09:43:47,AAPL,149.54,711,149.52,149.55,114,191,trade
2024-01-01 09:43:48,AAPL,149.53,736,149.52,149.55,285,260,trade
2024-01-01 09:43:49,AAPL,149.53,342,149.51,149.55,319,244,trade
2024-01-01 09:43:50,AAPL,149.53,879,149.51,149.54,248,402,trade
2024-01-01 09:43:51,AAPL,149.51,924,149.5,149.52,387,226,trade
2024-01-01 09:43:52,AAPL,149.51,336,149.49,149.52,316,381,trade
2024-01-01 09:43:53,AAPL,149.52,147,149.5,149.53,106,332,trade
2024-01-01 09:43:54,AAPL,149.53,442,149.52,149.53,451,327,trade
2024-01-01 09:43:55,AAPL,149.53,860,149.52,149.55,257,206,trade
2024-01-01 09:43:56,AAPL,149.52,782,149.52,149.53,345,247,trade
2024-01-01 09:43:57,AAPL,149.52,288,149.51,149.52,475,264,trade
2024-01-01 09:43:58,AAPL,149.52,128,149.51,149.53,312,352,trade
2024-01-01 09:43:59,AAPL,149.52,943,149.5,149.54,160,161,trade
2024-01-01 09:44:00,AAPL,149.51,776,149.5,149.51,462,455,trade
2024-01-01 09:44:01,AAPL,149.51,528,149.5,149.52,298,498,trade
2024-01-01 09:44:02,AAPL,149.51,391,149.5,149.53,436,109,trade
2024-01-01 09:44:03,AAPL,149.5,994,149.49,149.51,417,107,trade
2024-01-01 09:44:04,AAPL,149.5,380,149.48,149.52,423,185,trade
2024-01-01 09:44:05,AAPL,149.51,926,149.5,149.52,203,213,trade
2024-01-01 09:44:06,AAPL,149.52,619,149.51,149.53,392,192,trade
2024-01-01 09:44:07,AAPL,149.51,438,149.5,149.53,427,123,trade
2024-01-01 09:44:08,AAPL,149.5,897,149.49,149.51,394,284,trade
2024-01-01 09:44:09,AAPL,149.51,808,149.49,149.52,484,306,trade
2024-01-01 09:44:10,AAPL,149.5,183,149.49,149.51,287,353,trade
2024-01-01 09:44:11,AAPL,149.51,930,149.49,149.54,233,163,trade
2024-01-01 09:44:12,AAPL,149.51,904,149.5,149.53,161,341,trade
2024-01-01 09:44:13,AAPL,149.5,412,149.48,149.52,281,410,trade
2024-01-01 09:44:14,AAPL,149.49,682,149.48,149.5,282,456,trade
2024-01-01 09:44:15,AAPL,149.51,348,149.5,149.52,249,234,trade
2024-01-01 09:44:16,AAPL,149.52,598,149.5,149.54,402,155,trade
2024-01-01 09:44:17,AAPL,149.51,332,149.5,149.51,464,132,trade
2024-01-01 09:44:18,AAPL,149.52,777,149.5,149.54,441,145,trade
2024-01-01 09:44:19,AAPL,149.54,507,149.53,149.55,435,343,trade
2024-01-01 09:44:20,AAPL,149.54,985,149.52,149.56,480,233,trade
2024-01-01 09:44:21,AAPL,149.55,415,149.54,149.55,399,248,trade
2024-01-01 09:44:22,AAPL,149.54,273,149.53,149.56,173,331,trade
2024-01-01 09:44:23,AAPL,149.56,742,149.54,149.57,205,294,trade
2024-01-01 09:44:24,AAPL,149.56,603,149.54,149.58,280,137,trade
2024-01-01 09:44:25,AAPL,149.56,533,149.55,149.57,387,155,trade
2024-01-01 09:44:26,AAPL,149.55,341,149.54,149.56,288,166,trade
2024-01-01 09:44:27,AAPL,149.56,582,149.55,149.57,461,362,trade
2024-01-01 09:44:28,AAPL,149.54,813,149.53,149.55,374,386,trade
2024-01-01 09:44:29,AAPL,149.54,625,149.53,149.56,193,243,trade
2024-01-01 09:44:30,AAPL,149.54,600,149.52,149.55,499,109,trade
2024-01-01 09:44:31,AAPL,149.54,437,149.52,149.56,278,478,trade
2024-01-01 09:44:32,AAPL,149.56,921,149.54,149.57,351,176,trade
2024-01-01 09:44:33,AAPL,149.55,825,149.53,149.57,384,436,trade
2024-01-01 09:44:34,AAPL,149.56,553,149.55,149.57,293,285,trade
2024-01-01 09:44:35,AAPL,149.56,945,149.54,149.57,180,225,trade
2024-01-01 09:44:36,AAPL,149.56,307,149.54,149.58,363,264,trade
2024-01-01 09:44:37,AAPL,149.56,777,149.53,149.58,124,412,trade
2024-01-01 09:44:38,AAPL,149.56,459,149.55,149.58,188,257,trade
2024-01-01 09:44:39,AAPL,149.53,348,149.51,149.56,306,332,trade
2024-01-01 09:44:40,AAPL,149.55,449,149.54,149.56,312,255,trade
2024-01-01 09:44:41,AAPL,149.56,477,149.55,149.56,361,186,trade
2024-01-01 09:44:42,AAPL,149.57,952,149.55,149.58,154,216,trade
2024-01-01 09:44:43,AAPL,149.58,901,149.57,149.59,367,405,trade
2024-01-01 09:44:44,AAPL,149.59,819,149.56,149.61,216,410,trade
2024-01-01 09:44:45,AAPL,149.57,852,149.56,149.59,362,369,trade
2024-01-01 09:44:46,AAPL,149.59,469,149.58,149.6,470,367,trade
2024-01-01 09:44:47,AAPL,149.57,205,149.55,149.59,421,404,trade
2024-01-01 09:44:48,AAPL,149.56,581,149.55,149.57,137,395,trade
2024-01-01 09:44:49,AAPL,149.55,716,149.53,149.57,146,270,trade
2024-01-01 09:44:50,AAPL,149.56,900,149.55,149.57,494,474,trade
2024-01-01 09:44:51,AAPL,149.55,298,149.54,149.56,319,376,trade
2024-01-01 09:44:52,AAPL,149.54,439,149.52,149.57,271,227,trade
2024-01-01 09:44:53,AAPL,149.55,425,149.54,149.56,309,151,trade
2024-01-01 09:44:54,AAPL,149.55,494,149.52,149.57,102,178,trade
2024-01-01 09:44:55,AAPL,149.56,466,149.55,149.58,255,499,trade
2024-01-01 09:44:56,AAPL,149.56,835,149.55,149.56,223,225,trade
2024-01-01 09:44:57,AAPL,149.56,737,149.55,149.57,284,142,trade
2024-01-01 09:44:58,AAPL,149.55,893,149.53,149.56,484,459,trade
2024-01-01 09:44:59,AAPL,149.54,915,149.52,149.55,129,444,trade
2024-01-01 09:45:00,AAPL,149.55,280,149.54,149.55,214,499,trade
2024-01-01 09:45:01,AAPL,149.55,522,149.54,149.56,131,277,trade
2024-01-01 09:45:02,AAPL,149.53,103,149.52,149.53,306,444,trade
2024-01-01 09:45:03,AAPL,149.52,848,149.51,149.53,365,100,trade
2024-01-01 09:45:04,AAPL,149.51,637,149.51,149.52,168,368,trade
2024-01-01 09:45:05,AAPL,149.54,891,149.53,149.55,266,146,trade
2024-01-01 09:45:06,AAPL,149.54,693,149.53,149.54,366,101,trade
2024-01-01 09:45:07,AAPL,149.55,442,149.53,149.56,236,115,trade
2024-01-01 09:45:08,AAPL,149.53,703,149.52,149.54,308,423,trade
2024-01-01 09:45:09,AAPL,149.53,321,149.51,149.54,289,318,trade
2024-01-01 09:45:10,AAPL,149.53,978,149.51,149.55,376,341,trade
2024-01-01 09:45:11,AAPL,149.51,339,149.5,149.52,120,489,trade
2024-01-01 09:45:12,AAPL,149.51,734,149.5,149.53,118,154,trade
2024-01-01 09:45:13,AAPL,149.51,257,149.51,149.52,227,217,trade
2024-01-01 09:45:14,AAPL,149.51,532,149.5,149.52,286,431,trade
2024-01-01 09:45:15,AAPL,149.51,686,149.5,149.53,116,361,trade
2024-01-01 09:45:16,AAPL,149.5,132,149.49,149.52,215,398,trade
2024-01-01 09:45:17,AAPL,149.49,273,149.48,149.5,118,285,trade
2024-01-01 09:45:18,AAPL,149.48,286,149.47,149.49,172,385,trade
2024-01-01 09:45:19,AAPL,149.45,509,149.44,149.46,465,387,trade
2024-01-01 09:45:20,AAPL,149.45,706,149.43,149.46,466,169,trade
2024-01-01 09:45:21,AAPL,149.46,235,149.44,149.48,298,379,trade
2024-01-01 09:45:22,AAPL,149.46,816,149.44,149.48,102,468,trade
2024-01-01 09:45:23,AAPL,149.46,997,149.45,149.48,306,491,trade
2024-01-01 09:45:24,AAPL,149.47,384,149.45,149.49,250,344,trade
2024-01-01 09:45:25,AAPL,149.45,336,149.44,149.46,267,220,trade
2024-01-01 09:45:26,AAPL,149.46,307,149.44,149.48,282,244,trade
2024-01-01 09:45:27,AAPL,149.46,241,149.44,149.49,124,200,trade
2024-01-01 09:45:28,AAPL,149.45,641,149.44,149.46,334,288,trade
2024-01-01 09:45:29,AAPL,149.46,963,149.44,149.47,426,162,trade
2024-01-01 09:45:30,AAPL,149.47,276,149.46,149.47,321,182,trade
2024-01-01 09:45:31,AAPL,149.47,328,149.45,149.48,153,442,trade
2024-01-01 09:45:32,AAPL,149.45,182,149.44,149.47,318,348,trade
2024-01-01 09:45:33,AAPL,149.46,791,149.44,149.48,473,427,trade
2024-01-01 09:45:34,AAPL,149.47,595,149.45,149.49,185,299,trade
2024-01-01 09:45:35,AAPL,149.47,252,149.45,149.49,187,275,trade
2024-01-01 09:45:36,AAPL,149.46,183,149.45,149.48,197,211,trade
2024-01-01 09:45:37,AAPL,149.45,693,149.44,149.47,327,211,trade
2024-01-01 09:45:38,AAPL,149.46,182,149.44,149.48,438,231,trade
2024-01-01 09:45:39,AAPL,149.45,825,149.44,149.47,207,259,trade
2024-01-01 09:45:40,AAPL,149.46,716,149.44,149.47,313,326,trade
2024-01-01 09:45:41,AAPL,149.46,731,149.44,149.47,138,216,trade
2024-01-01 09:45:42,AAPL,149.47,104,149.46,149.48,423,103,trade
2024-01-01 09:45:43,AAPL,149.47,656,149.46,149.48,109,269,trade
2024-01-01 09:45:44,AAPL,149.47,528,149.45,149.49,185,177,trade
2024-01-01 09:45:45,AAPL,149.48,154,149.47,149.5,118,321,trade
2024-01-01 09:45:46,AAPL,149.47,533,149.45,149.49,464,163,trade
2024-01-01 09:45:47,AAPL,149.48,998,149.46,149.49,133,141,trade
2024-01-01 09:45:48,AAPL,149.49,227,149.47,149.52,250,344,trade
2024-01-01 09:45:49,AAPL,149.5,244,149.48,149.51,130,106,trade
2024-01-01 09:45:50,AAPL,149.49,609,149.47,149.52,225,330,trade
2024-01-01 09:45:51,AAPL,149.5,869,149.49,149.5,223,106,trade
2024-01-01 09:45:52,AAPL,149.5,374,149.49,149.5,256,225,trade
2024-01-01 09:45:53,AAPL,149.49,569,149.47,149.51,431,157,trade
2024-01-01 09:45:54,AAPL,149.5,454,149.49,149.52,257,208,trade
2024-01-01 09:45:55,AAPL,149.5,455,149.49,149.51,103,149,trade
2024-01-01 09:45:56,AAPL,149.49,762,149.48,149.5,320,232,trade
2024-01-01 09:45:57,AAPL,149.49,430,149.47,149.52,404,255,trade
2024-01-01 09:45:58,AAPL,149.49,589,149.48,149.51,156,267,trade
2024-01-01 09:45:59,AAPL,149.51,272,149.49,149.53,228,253,trade
2024-01-01 09:46:00,AAPL,149.51,712,149.5,149.53,125,495,trade
2024-01-01 09:46:01,AAPL,149.54,483,149.52,149.55,128,212,trade
2024-01-01 09:46:02,AAPL,149.52,311,149.51,149.53,231,371,trade
2024-01-01 09:46:03,AAPL,149.51,594,149.49,149.53,411,412,trade
2024-01-01 09:46:04,AAPL,149.51,255,149.49,149.52,211,380,trade
2024-01-01 09:46:05,AAPL,149.51,693,149.49,149.52,177,186,trade
2024-01-01 09:46:06,AAPL,149.51,302,149.49,149.53,388,188,trade
2024-01-01 09:46:07,AAPL,149.51,104,149.49,149.53,349,337,trade
2024-01-01 09:46:08,AAPL,149.5,125,149.48,149.53,319,430,trade
2024-01-01 09:46:09,AAPL,149.52,120,149.5,149.53,458,175,trade
2024-01-01 09:46:10,AAPL,149.51,512,149.48,149.53,338,323,trade
2024-01-01 09:46:11,AAPL,149.5,568,149.48,149.53,379,180,trade
2024-01-01 09:46:12,AAPL,149.5,734,149.49,149.52,199,267,trade
2024-01-01 09:46:13,AAPL,149.5,133,149.49,149.51,309,309,trade
2024-01-01 09:46:14,AAPL,149.51,716,149.49,149.53,148,296,trade
2024-01-01 09:46:15,AAPL,149.51,895,149.5,149.53,280,496,trade
2024-01-01 09:46:16,AAPL,149.52,924,149.51,149.53,361,117,trade
2024-01-01 09:46:17,AAPL,149.53,172,149.53,149.54,360,124,trade
2024-01-01 09:46:18,AAPL,149.53,803,149.51,149.55,187,475,trade
2024-01-01 09:46:19,AAPL,149.52,721,149.5,149.53,119,317,trade
2024-01-01 09:46:20,AAPL,149.5,336,149.48,149.52,450,358,trade
2024-01-01 09:46:21,AAPL,149.5,946,149.48,149.51,362,360,trade
2024-01-01 09:46:22,AAPL,149.49,146,149.47,149.5,489,363,trade
2024-01-01 09:46:23,AAPL,149.47,499,149.45,149.5,238,286,trade
2024-01-01 09:46:24,AAPL,149.47,490,149.46,149.47,398,496,trade
2024-01-01 09:46:25,AAPL,149.46,276,149.45,149.47,154,176,trade
2024-01-01 09:46:26,AAPL,149.46,599,149.45,149.48,499,191,trade
2024-01-01 09:46:27,AAPL,149.46,779,149.46,149.47,135,212,trade
2024-01-01 09:46:28,AAPL,149.48,221,149.47,149.49,380,228,trade
2024-01-01 09:46:29,AAPL,149.48,669,149.46,149.5,173,471,trade
2024-01-01 09:46:30,AAPL,149.5,535,149.49,149.52,405,185,trade
2024-01-01 09:46:31,AAPL,149.5,261,149.48,149.52,132,286,trade
2024-01-01 09:46:32,AAPL,149.5,420,149.47,149.52,301,326,trade
2024-01-01 09:46:33,AAPL,149.48,957,149.46,149.5,396,316,trade
2024-01-01 09:46:34,AAPL,149.49,137,149.48,149.5,162,254,trade
2024-01-01 09:46:35,AAPL,149.5,267,149.48,149.52,293,171,trade
2024-01-01 09:46:36,AAPL,149.5,911,149.48,149.52,277,156,trade
2024-01-01 09:46:37,AAPL,149.49,268,149.49,149.5,392,279,trade
2024-01-01 09:46:38,AAPL,149.51,659,149.5,149.51,489,326,trade
2024-01-01 09:46:39,AAPL,149.51,698,149.5,149.53,446,232,trade
